dep,reg,tx_pos,tx_incid,TO,R,hosp,rea,rad,dchosp,reg_rea,incid_hosp,incid_rea,incid_rad,incid_dchosp,reg_incid_rea,pos,pos_7j,cv_dose1,lib_dep,latt,long
01,84.0,14.332252410166504,365.8089658194564,0.38460793082886113,1.044277777777778,115.24833333333333,7.218333333333334,2923.804166666667,573.3816666666667,214.99083333333334,4.9733110925771475,0.6171809841534612,4.277731442869057,0.7289407839866555,16.46371976647206,344.29272567922874,2410.2462751971952,74.1,Ain,46.09944444444445,5.348888888888888
02,32.0,13.342997370727439,317.66684487291917,0.4237252663622527,1.030555555555556,147.28,15.25,4753.400833333333,1058.4283333333333,185.585,9.146788990825687,1.1017514595496247,7.686405337781484,1.3978315262718932,13.162635529608007,238.5425065731814,1669.8071866783523,80.1,Aisne,49.559444444444445,3.558333333333333
03,84.0,12.72662576687117,322.28131463628347,0.38460793082886113,1.044277777777778,74.0625,6.033333333333333,2882.4483333333333,572.64,214.99083333333334,6.406171809841535,0.5037531276063386,5.4887406171809845,0.8198498748957465,16.46371976647206,152.5959684487292,1068.145486415425,82.6,Allier,46.39361111111111,3.188333333333333
04,93.0,12.24425942156004,368.95091148115705,0.42713586956521765,1.0317222222222213,66.53833333333333,2.8758333333333335,1385.5008333333333,243.3525,196.47416666666666,2.946622185154295,0.18015012510425354,2.3152627189324435,0.33611342785654713,13.434528773978315,87.1262050832603,609.863277826468,72.8,Alpes-de-Haute-Provence,44.10611111111111,6.243888888888889
05,93.0,13.566862401402277,358.7455652936019,0.42713586956521765,1.0317222222222213,54.005,4.535,1574.0558333333333,253.58166666666668,196.47416666666666,3.1209341117597997,0.371976647206005,2.6847372810675565,0.3469557964970809,13.434528773978315,72.53724802804557,507.9272567922875,78.4,Hautes-Alpes,44.66361111111111,6.263055555555556
06,93.0,11.271218229623125,400.5891498685359,0.42713586956521765,1.0317222222222213,312.7425,35.4,7750.016666666666,1610.5091666666667,196.47416666666666,14.864053377814846,2.834028356964137,12.268557130942453,2.237698081734779,13.434528773978315,620.6993865030674,4344.765118317266,78.5,Alpes-Maritimes,43.9375,7.116388888888888
07,84.0,13.616205083260294,360.87430324276914,0.38460793082886113,1.044277777777778,59.07666666666667,4.789166666666667,2406.265,465.98583333333335,214.99083333333334,4.50208507089241,0.38198498748957466,3.9524603836530443,0.5796497080900751,16.46371976647206,169.04907975460122,1183.2690622261175,76.5,Ardèche,44.751666666666665,4.424722222222223
08,44.0,12.3054513584575,362.9742769500441,0.35880645161290287,1.0321666666666662,71.53833333333333,4.2908333333333335,1344.5033333333333,352.8908333333333,166.80666666666667,2.945788156797331,0.26438698915763137,2.372810675562969,0.47122602168473726,11.499582985821517,137.6765994741455,963.5968448729185,80.5,Ardennes,49.61555555555556,4.640833333333333
09,76.0,13.35773882559159,360.34166520595966,0.3083298171589304,1.0433333333333328,25.340833333333332,4.0325,692.6466666666666,126.54083333333334,146.15,1.5963302752293578,0.29858215179316094,1.3044203502919098,0.2176814011676397,11.15929941618015,78.5626643295355,549.8799298860648,75.3,Ariège,42.92083333333333,1.5038888888888888
10,44.0,11.75329535495181,311.00940403155033,0.35880645161290287,1.0321666666666662,57.43,5.566666666666666,2154.5625,422.8983333333333,166.80666666666667,3.9366138448707257,0.5129274395329442,3.1909924937447873,0.5321100917431193,11.499582985821517,137.82208588957056,964.7221735319895,76.7,Aube,48.30444444444444,4.161666666666667
11,76.0,11.931980718667834,337.2693339176165,0.3083298171589304,1.0433333333333328,76.58583333333333,5.526666666666666,1803.1158333333333,400.95416666666665,146.15,4.0033361134278564,0.45454545454545453,3.2243536280233527,0.5804837364470392,11.15929941618015,180.43207712532865,1263.0297984224364,76.9,Aude,43.10333333333333,2.4141666666666666
12,76.0,13.78854513584576,369.6142243645926,0.3083298171589304,1.0433333333333328,63.795,2.4675,1397.785,257.695,146.15,2.9407839866555463,0.23269391159299416,2.499582985821518,0.3786488740617181,11.15929941618015,147.2418930762489,1030.6827344434707,78.9,Aveyron,44.280277777777776,2.679722222222222
13,93.0,10.151998247151612,427.6002804557403,0.42713586956521765,1.0317222222222213,757.58,117.05333333333333,26589.715833333332,3846.8758333333335,196.47416666666666,47.73561301084237,7.252710592160134,41.76063386155129,5.276897414512093,13.434528773978315,1246.5731814198073,8725.346187554776,73.1,Bouches-du-Rhône,43.54333333333333,5.086388888888888
14,28.0,11.877116564417165,330.43697633654716,0.27066666666666606,1.0393888888888885,120.465,14.224166666666667,3579.2083333333335,609.2041666666667,64.95083333333334,7.495412844036697,0.9482902418682235,6.535446205170976,0.8657214345287739,4.077564637197665,326.83085013146365,2287.7966695880805,83.9,Calvados,49.09972222222223,0.3636111111111111
15,84.0,13.202611744084127,321.9847326906226,0.38460793082886113,1.044277777777778,29.15,3.0225,841.855,146.47583333333333,214.99083333333334,1.9241034195162636,0.28440366972477066,1.6588824020016681,0.22602168473728107,16.46371976647206,65.75197195442594,460.2655565293602,83.8,Cantal,45.05111111111111,2.668611111111111
16,75.0,14.191507449605599,304.24799298860637,0.27523462783171404,1.048111111111111,34.18333333333333,3.7383333333333333,1080.1075,192.44333333333333,113.395,2.551292743953294,0.32276897414512096,2.1743119266055047,0.329441201000834,7.3577981651376145,151.59333917616127,1061.073619631902,82.4,Charente,45.71805555555556,0.2016666666666667
17,75.0,12.36909728308501,312.41475898334807,0.27523462783171404,1.048111111111111,89.50833333333334,8.0075,2302.193333333333,435.30916666666667,113.395,5.702251876563803,0.5771476230191827,4.861551292743953,0.7514595496246872,7.3577981651376145,290.34092900964066,2032.1524978089394,85.4,Charente-Maritime,45.78083333333333,0.6744444444444444
18,24.0,13.61574057843996,313.8992287467137,0.36046759259259253,1.0365000000000002,82.24666666666667,3.2375,1967.19,491.5908333333333,64.8875,4.472060050041701,0.2919099249374479,3.634695579649708,0.6855713094245204,4.454545454545454,132.9763365468887,930.8247151621384,81.8,Cher,47.06472222222222,2.491111111111111
19,75.0,14.48054338299735,340.1275635407534,0.27523462783171404,1.048111111111111,37.835,3.839166666666667,1521.9966666666667,244.11583333333334,113.395,3.604670558798999,0.3511259382819016,3.1751459549624688,0.37281067556296915,7.3577981651376145,116.53549517966695,815.701139351446,82.2,Corrèze,45.35694444444445,1.8769444444444443
21,27.0,12.70350569675723,356.22334794040324,0.3776430976430962,1.0378333333333338,150.285,19.20916666666667,4493.7025,913.1725,74.75166666666667,8.361968306922435,1.3586321934945789,7.04837364470392,1.1634695579649708,5.637197664720601,271.387379491674,1899.6511831726555,79.0,Côte-d'Or,47.42472222222222,4.772222222222222
22,53.0,13.639211218229626,311.98442594215646,0.25289094650205746,1.0451666666666668,67.5,3.870833333333333,2342.0216666666665,294.2225,40.968333333333334,5.469557964970809,0.3519599666388657,4.886572143452877,0.47706422018348627,3.237698081734779,266.2813321647678,1864.034180543383,85.9,Côtes-d'Armor,48.44111111111111,2.8641666666666667
23,75.0,13.322436459246285,303.7201051709028,0.27523462783171404,1.048111111111111,26.1025,5.118333333333333,665.1625,106.91833333333334,113.395,1.2710592160133445,0.2627189324437031,1.0992493744787322,0.16597164303586323,7.3577981651376145,50.112182296231374,350.8071866783523,81.3,Creuse,46.09027777777778,2.0188888888888887
24,75.0,13.679018404907975,310.0712269938651,0.27523462783171404,1.048111111111111,94.5275,5.086666666666667,1560.5891666666666,283.95,113.395,4.074228523769809,0.44787322768974147,3.403669724770642,0.4837364470391993,7.3577981651376145,181.21560035056967,1268.5635407537247,81.8,Dordogne,45.10416666666667,0.7413888888888889
25,27.0,13.090692375109562,367.96111305872074,0.3776430976430962,1.0378333333333338,72.21166666666667,18.1075,2943.391666666667,510.76916666666665,74.75166666666667,5.489574645537949,1.3703085904920767,4.829024186822352,0.6872393661384487,5.637197664720601,284.54425942156,1991.6739702015775,74.0,Doubs,47.165277777777774,6.361666666666666
26,84.0,13.682077125328657,364.6136722173531,0.38460793082886113,1.044277777777778,106.42916666666666,14.095833333333333,3542.3516666666665,789.4308333333333,214.99083333333334,7.348623853211009,0.9274395329441201,5.906588824020017,1.1000834028356965,16.46371976647206,271.6503067484663,1901.5994741454865,76.1,Drôme,44.68416666666666,5.168055555555556
27,28.0,13.997791411042947,304.4787730061353,0.27066666666666606,1.0393888888888885,141.25333333333333,5.781666666666666,2257.395,487.56166666666667,64.95083333333334,4.6422018348623855,0.5104253544620517,3.8565471226021684,0.6930775646371977,4.077564637197665,260.6134969325153,1824.219106047327,81.2,Eure,49.11361111111111,0.9961111111111112
28,24.0,13.501673970201573,310.1344171779141,0.36046759259259253,1.0365000000000002,105.63833333333334,10.915833333333333,3446.8283333333334,518.7991666666667,64.8875,6.574645537948291,1.030859049207673,5.783986655546289,0.7030859049207673,4.454545454545454,190.07361963190183,1330.5758106923752,80.6,Eure-et-Loir,48.3875,1.3702777777777777
29,53.0,13.899395267309389,314.85339176161267,0.25289094650205746,1.0451666666666668,126.15583333333333,10.910833333333333,2954.0125,391.5541666666667,40.968333333333334,7.926605504587156,0.8615512927439533,6.9115929941618015,0.7047539616346956,3.237698081734779,409.67134092900966,2867.837861524978,84.9,Finistère,48.26111111111111,4.058888888888888
2A,94.0,10.002340052585463,368.79786152497815,0.38712962962963027,1.058109756097561,47.4275,3.223333333333333,897.2758333333334,149.92666666666668,6.955,1.9833194328607173,0.25771476230191825,1.7030859049207674,0.2176814011676397,0.6230191826522101,85.56441717791411,598.900087642419,70.6,Corse-du-Sud,41.86361111111111,8.988055555555555
2B,94.0,10.661656441717794,358.3310955302365,0.38712962962963027,1.058109756097561,34.27333333333333,3.7316666666666665,862.3791666666667,137.92416666666668,6.955,1.9532944120100084,0.3653044203502919,1.615512927439533,0.23269391159299416,0.6230191826522101,93.92813321647678,657.4338299737072,65.9,Haute-Corse,42.39416666666666,9.206388888888888
30,76.0,11.694995617879043,365.6919719544259,0.3083298171589304,1.0433333333333328,154.16083333333333,23.281666666666666,3829.2608333333333,728.6266666666667,146.15,7.466221851542953,1.7597998331943285,6.3886572143452875,1.0350291909924938,11.15929941618015,391.6888694127958,2741.408413672217,77.9,Gard,43.99333333333333,4.180277777777778
31,76.0,12.991297107800161,395.20194566170017,0.3083298171589304,1.0433333333333328,240.1325,41.63916666666667,7323.52,900.4366666666666,146.15,13.89324437030859,3.1826522101751458,12.500417014178483,1.3202668890742286,11.15929941618015,797.8106923751095,5583.847502191061,75.2,Haute-Garonne,43.35861111111111,1.172777777777778
32,76.0,13.036879929886078,336.0885276073616,0.3083298171589304,1.0433333333333328,41.48166666666667,2.069166666666667,802.6666666666666,136.9075,146.15,1.92743953294412,0.11926605504587157,1.567139282735613,0.2285237698081735,11.15929941618015,91.53549517966695,640.7248028045574,81.3,Gers,43.69277777777778,0.4533333333333333
33,75.0,12.880797546012268,351.6568536371604,0.27523462783171404,1.048111111111111,331.1116666666667,52.608333333333334,7595.150833333333,1178.9791666666667,113.395,15.247706422018348,2.8890742285237696,12.88907422852377,1.7364470391993327,7.3577981651376145,826.2410166520596,5783.272567922874,80.1,Gironde,44.82527777777778,0.5752777777777778
34,76.0,10.878790534618757,372.2219544259427,0.3083298171589304,1.0433333333333328,195.55166666666668,33.01083333333333,6711.135,1127.3508333333334,146.15,13.49207673060884,2.4612176814011675,11.612176814011676,1.6797331109257714,11.15929941618015,630.5731814198072,4413.69588080631,76.6,Hérault,43.57972222222222,3.3672222222222223
35,53.0,14.344347063978972,356.87066608238405,0.25289094650205746,1.0451666666666668,197.955,17.480833333333333,5200.315833333333,767.4766666666667,40.968333333333334,11.276897414512094,1.3819849874895747,9.790658882402,1.1751459549624688,3.237698081734779,554.6450482033304,3882.420683610868,80.6,Ille-et-Vilaine,48.15444444444445,1.638611111111111
36,24.0,13.994049079754614,295.7419193689744,0.36046759259259253,1.0365000000000002,59.818333333333335,2.9983333333333335,1326.1258333333333,268.9225,64.8875,2.895746455379483,0.2226855713094245,2.4904086738949123,0.37364470391993326,4.454545454545454,91.47940403155127,640.3689745836986,83.0,Indre,46.77777777777778,1.5758333333333334
37,24.0,13.355372480280467,335.33085013146365,0.36046759259259253,1.0365000000000002,108.65333333333334,16.04,2571.554166666667,486.49916666666667,64.8875,5.109257714762302,0.8398665554628857,4.309424520433695,0.6738949124270225,4.454545454545454,290.9666958808063,2036.6275197195444,81.9,Indre-et-Loire,47.25805555555556,0.6913888888888889
38,84.0,14.3441717791411,386.6669938650309,0.38460793082886113,1.044277777777778,328.72,31.303333333333335,8918.458333333334,1696.8016666666667,214.99083333333334,17.934945788156796,2.83069224353628,15.09674728940784,2.397831526271893,16.46371976647206,701.4338299737072,4910.340929009641,78.7,Isère,45.263333333333335,5.576111111111111
39,27.0,13.520297984224374,364.16361086766045,0.3776430976430962,1.0378333333333338,75.89833333333333,4.049166666666666,2261.9408333333336,454.38416666666666,74.75166666666667,4.392827356130108,0.3127606338615513,3.71976647206005,0.5896580483736447,5.637197664720601,134.06134969325154,938.361963190184,78.2,Jura,46.72833333333333,5.697777777777778
40,75.0,14.274627519719525,356.102585451358,0.27523462783171404,1.048111111111111,51.73166666666667,4.0441666666666665,1366.6741666666667,263.73,113.395,3.1326105087572977,0.33611342785654713,2.6422018348623855,0.40283569641367806,7.3577981651376145,210.88255915863277,1476.0648553900087,84.6,Landes,43.96555555555556,0.7838888888888889
41,24.0,13.969404031551287,307.1129097283082,0.36046759259259253,1.0365000000000002,93.9325,4.570833333333334,2006.6775,346.7241666666667,64.8875,4.175145954962469,0.48040033361134277,3.6680567139282734,0.5321100917431193,4.454545454545454,143.5749342681858,1004.9737072743208,83.7,Loir-et-Cher,47.61666666666667,1.4294444444444443
42,84.0,12.98982471516215,386.22056967572337,0.38460793082886113,1.044277777777778,245.3775,27.813333333333333,6493.7525,1309.7141666666666,214.99083333333334,12.349457881567973,1.5554628857381152,10.367806505421184,1.6964136780650543,16.46371976647206,422.30499561787906,2956.085013146363,77.4,Loire,45.72694444444445,4.1658333333333335
43,84.0,14.389859772129702,381.20475898334746,0.38460793082886113,1.044277777777778,62.12083333333333,2.7333333333333334,1671.9683333333332,262.0908333333333,214.99083333333334,3.4979149291075897,0.17764804003336113,3.000834028356964,0.38448707256046705,16.46371976647206,123.62401402278702,865.2716914986854,78.6,Haute-Loire,45.12805555555556,3.806388888888889
44,52.0,14.622962313759857,341.3730587204207,0.27546961325966907,1.0356111111111113,130.52,17.88083333333333,5434.2875,885.3433333333334,49.858333333333334,10.771476230191826,1.6313594662218516,9.453711426188491,1.2510425354462051,4.4495412844036695,705.3234005258545,4937.397020157757,80.1,Loire-Atlantique,47.36138888888889,1.682222222222222
45,24.0,14.021840490797542,318.2332865907096,0.36046759259259253,1.0365000000000002,203.58583333333334,27.125,3615.4733333333334,641.4875,64.8875,7.36697247706422,1.5888240200166805,6.083402835696414,0.9257714762301918,4.454545454545454,310.81945661700263,2175.690622261174,78.6,Loiret,47.91194444444445,2.3441666666666667
46,76.0,14.686056091148117,321.72476774758974,0.3083298171589304,1.0433333333333328,23.1075,1.9233333333333333,687.9225,112.74916666666667,146.15,1.5396163469557964,0.14845704753961636,1.3452877397831526,0.16847372810675562,11.15929941618015,79.76073619631902,558.3049956178791,78.9,Lot,44.62416666666667,1.6047222222222224
47,75.0,12.261858019281336,318.8278089395266,0.27523462783171404,1.048111111111111,32.295,3.9825,1294.1925,238.76083333333332,113.395,2.821517931609675,0.3986655546288574,2.3694745621351125,0.4011676396997498,7.3577981651376145,150.3102541630149,1052.2716914986854,80.2,Lot-et-Garonne,44.3675,0.4602777777777778
48,76.0,15.018045574057838,327.18067484662583,0.3083298171589304,1.0433333333333328,11.656666666666666,0.9433333333333334,449.4583333333333,107.66916666666667,146.15,0.8315262718932444,0.07172643869891576,0.683069224353628,0.13678065054211844,11.15929941618015,35.68361086765995,249.82383873794916,76.1,Lozère,44.51722222222222,3.500277777777778
49,52.0,14.320008764241887,332.21449605609104,0.27546961325966907,1.0356111111111113,133.5825,17.2,4635.225,754.4833333333333,49.858333333333334,9.281067556296914,1.4245204336947457,8.123436196830692,1.0642201834862386,4.4495412844036695,388.21209465381247,2717.5451358457494,80.8,Maine-et-Loire,47.39083333333333,0.5641666666666667
50,28.0,13.921954425942157,314.2668185801928,0.27066666666666606,1.0393888888888885,147.2025,6.451666666666667,2257.6541666666667,411.89416666666665,64.95083333333334,5.099249374478732,0.4186822351959967,4.3736447039199335,0.6196830692243537,4.077564637197665,220.36459246275197,1542.464504820333,86.3,Manche,49.07944444444445,1.3275
51,44.0,11.708343558282207,330.36146362839634,0.35880645161290287,1.0321666666666662,157.52166666666668,15.456666666666667,4409.125,887.7116666666667,166.80666666666667,8.631359466221852,0.8899082568807339,7.189324437030859,1.170975813177648,11.499582985821517,265.9675723049956,1861.626643295355,79.1,Marne,48.94916666666666,4.238611111111111
52,44.0,12.683829973707276,321.46950920245405,0.35880645161290287,1.0321666666666662,54.431666666666665,3.66,1558.2016666666666,353.35,166.80666666666667,3.1326105087572977,0.2602168473728107,2.602168473728107,0.45204336947456214,11.499582985821517,77.38737949167397,541.6827344434706,81.5,Haute-Marne,48.10944444444445,5.226388888888889
53,52.0,14.272953549517966,307.7510429447848,0.27546961325966907,1.0356111111111113,37.52333333333333,3.1791666666666667,1589.5883333333334,272.1458333333333,49.858333333333334,3.0892410341951626,0.24520433694745622,2.6613844870725605,0.3653044203502919,4.4495412844036695,134.2874671340929,940.1034180543382,82.6,Mayenne,48.14666666666667,0.6580555555555556
54,44.0,12.114487291849258,356.1783523225236,0.35880645161290287,1.0321666666666662,189.19916666666666,30.038333333333334,5344.4925,1160.525,166.80666666666667,10.42535446205171,1.7539616346955798,8.561301084236865,1.505421184320267,11.499582985821517,371.7361963190184,2602.05083260298,78.0,Meurthe-et-Moselle,48.78694444444445,6.165
55,44.0,13.037177914110414,325.61872918492503,0.35880645161290287,1.0321666666666662,54.3825,4.43,1472.9591666666668,347.7266666666667,166.80666666666667,2.658048373644704,0.2877397831526272,2.1818181818181817,0.45037531276063386,11.499582985821517,84.0578439964943,588.4163014899211,82.0,Meuse,48.989444444444445,5.381666666666666
56,53.0,14.425556529360211,319.33122699386485,0.25289094650205746,1.0451666666666668,106.54083333333334,8.705833333333333,3139.5033333333336,489.44666666666666,40.968333333333334,6.646371976647206,0.6422018348623854,5.829858215179316,0.7522935779816514,3.237698081734779,346.39439088518844,2424.7256792287467,84.7,Morbihan,47.84638888888889,2.81
57,44.0,11.93129710780018,365.4310604732698,0.35880645161290287,1.0321666666666662,289.12166666666667,33.630833333333335,8349.196666666667,2293.18,166.80666666666667,15.456213511259383,2.1734778982485405,12.499582985821517,2.8607172643869894,11.499582985821517,541.897458369851,3793.0525854513585,77.9,Moselle,49.03722222222222,6.663333333333334
58,27.0,13.617283085013131,298.1097896581946,0.3776430976430962,1.0378333333333338,53.170833333333334,2.4466666666666668,1332.7608333333333,301.57416666666666,74.75166666666667,2.902418682235196,0.19182652210175147,2.44954128440367,0.41367806505421184,5.637197664720601,84.97984224364592,594.837861524978,83.1,Nièvre,47.11527777777778,3.504722222222222
59,32.0,11.356310254163011,373.3867309377741,0.4237252663622527,1.030555555555556,728.8216666666667,95.88083333333333,20422.385,3747.965,185.585,40.46455379482902,7.2652210175145955,34.4837364470392,5.16930775646372,13.162635529608007,1383.0841367221735,9680.929009640666,77.8,Nord,50.447222222222216,3.220555555555556
60,32.0,12.504504820333054,333.2337773882556,0.4237252663622527,1.030555555555556,253.32666666666665,18.445,5605.363333333334,1339.455,185.585,10.530442035029191,1.2001668056713928,8.692243536280234,1.744787322768974,13.162635529608007,393.5854513584575,2755.242769500438,76.6,Oise,49.41027777777778,2.4252777777777776
61,28.0,12.23076248904472,300.3019018404907,0.27066666666666606,1.0393888888888885,82.86083333333333,5.026666666666666,2204.465833333333,367.86333333333334,64.95083333333334,4.520433694745622,0.30525437864887406,3.885738115095913,0.5296080066722268,4.077564637197665,118.40929009640666,828.8606485539001,83.2,Orne,48.62361111111111,0.1288888888888889
62,32.0,12.142506573181421,353.24817703768656,0.4237252663622527,1.030555555555556,294.26666666666665,37.71083333333333,8930.45,1773.6883333333333,185.585,16.468723936613845,2.683069224353628,13.957464553794829,2.322768974145121,13.162635529608007,733.5959684487292,5134.9368974583695,82.3,Pas-de-Calais,50.49361111111112,2.288611111111111
63,84.0,13.789114811568782,343.4498860648554,0.38460793082886113,1.044277777777778,151.30833333333334,14.406666666666666,3425.2541666666666,738.9716666666667,214.99083333333334,7.6805671392827355,1.32860717264387,6.2727272727272725,1.098415346121768,16.46371976647206,325.46713409290095,2278.136722173532,78.9,Puy-de-Dôme,45.72583333333333,3.140833333333333
64,75.0,13.138843120070097,366.9886503067481,0.27523462783171404,1.048111111111111,143.69166666666666,10.695,3057.786666666667,529.3783333333333,113.395,6.3119266055045875,0.6763969974979149,5.340283569641368,0.7639699749791493,7.3577981651376145,359.22173531989483,2514.5118317265556,82.0,Pyrénées-Atlantiques,43.25666666666667,0.7613888888888889
65,76.0,13.541831726555648,354.63572304995563,0.3083298171589304,1.0433333333333328,57.405833333333334,5.504166666666666,1751.7958333333333,263.87833333333333,146.15,3.969140950792327,0.5029190992493745,3.507089241034195,0.4170141784820684,11.15929941618015,115.46625766871166,808.0920245398773,80.3,Hautes-Pyrénées,43.05305555555555,0.1638888888888889
66,76.0,11.693391761612629,344.3883610867664,0.3083298171589304,1.0433333333333328,105.2275,10.328333333333333,2385.5391666666665,463.32666666666665,146.15,5.517097581317765,0.7597998331943286,4.677231025854879,0.7764804003336113,11.15929941618015,236.4469763365469,1654.931638913234,78.7,Pyrénées-Orientales,42.6,2.522222222222222
67,44.0,10.782287467134106,386.41581069237515,0.35880645161290287,1.0321666666666662,282.07,37.88166666666667,8400.6125,1707.2516666666668,166.80666666666667,15.02835696413678,2.677231025854879,12.74979149291076,2.1109257714762304,11.499582985821517,628.4469763365469,4398.928133216476,78.4,Bas-Rhin,48.67083333333333,7.551388888888889
68,44.0,11.500543382997384,351.71747589833535,0.35880645161290287,1.0321666666666662,246.10666666666665,24.951666666666668,7884.108333333334,1609.4375,166.80666666666667,14.795663052543787,1.9424520433694745,12.793160967472893,2.0758965804837364,11.499582985821517,384.14460999123577,2688.882559158633,73.9,Haut-Rhin,47.85861111111111,7.274166666666667
69,84.0,12.236625766871162,401.32631901840483,0.38460793082886113,1.044277777777778,521.48,79.00083333333333,16798.513333333332,3044.2266666666665,214.99083333333334,30.83069224353628,5.76814011676397,25.862385321100916,3.97581317764804,16.46371976647206,1079.977212971078,7559.641542506573,76.8,Rhône,45.87027777777778,4.641388888888889
70,27.0,13.12482909728309,335.3301752848377,0.3776430976430962,1.0378333333333338,45.69416666666667,4.66,1525.2191666666668,272.0341666666667,74.75166666666667,2.883236030025021,0.390325271059216,2.5462885738115095,0.3711426188490409,5.637197664720601,111.61612620508326,781.3821209465382,79.5,Haute-Saône,47.64111111111111,6.086111111111111
71,27.0,13.215144609991247,328.4245661700257,0.3776430976430962,1.0378333333333338,154.1,11.0025,5390.883333333333,1035.6991666666668,74.75166666666667,10.309424520433694,0.9741451209341118,8.809841534612177,1.3244370308590492,5.637197664720601,256.8641542506573,1798.1542506573182,82.0,Saône-et-Loire,46.64472222222222,4.542222222222222
72,52.0,13.23368974583698,324.6663014899213,0.27546961325966907,1.0356111111111113,97.79916666666666,5.064166666666667,3495.0108333333333,576.9341666666667,49.858333333333334,6.813177648040034,0.5229357798165137,5.910758965804837,0.7714762301918265,4.4495412844036695,260.319018404908,1822.1752848378615,82.4,Sarthe,47.99444444444445,0.2222222222222222
73,84.0,14.788580192813312,373.2491761612616,0.38460793082886113,1.044277777777778,91.24916666666667,8.6975,3751.173333333333,690.5883333333334,214.99083333333334,7.752293577981652,0.7956630525437864,6.602168473728106,0.9557964970809008,16.46371976647206,231.82208588957056,1622.7361963190185,79.0,Savoie,45.4775,6.443611111111111
74,84.0,13.78673970201578,368.83553900087634,0.38460793082886113,1.044277777777778,155.19916666666666,15.876666666666667,5943.073333333334,1019.3041666666667,214.99083333333334,11.190992493744787,1.292743953294412,9.654712260216847,1.385321100917431,16.46371976647206,438.79842243645925,3071.6389132340055,72.2,Haute-Savoie,46.03444444444444,6.428055555555556
75,11.0,8.47462751971954,387.35349693251544,0.48607817494914246,1.018055555555556,892.2833333333333,152.36083333333335,23040.674166666668,4480.536666666667,557.4833333333333,41.37864887406172,9.336947456213512,33.774812343619686,5.4887406171809845,33.28023352793995,1187.9070990359335,8315.625766871166,83.4,Paris,48.85666666666667,2.3422222222222224
76,28.0,12.786643295354942,337.662340052585,0.27066666666666606,1.0393888888888885,341.2033333333333,33.46666666666667,8260.810833333333,1497.7558333333334,64.95083333333334,15.871559633027523,1.8949124270225188,13.597164303586322,2.0283569641367807,4.077564637197665,601.0701139351446,4207.170026292726,81.4,Seine-Maritime,49.655,1.0263888888888888
77,11.0,11.912059596844886,347.9681156879929,0.48607817494914246,1.018055555555556,323.89166666666665,59.266666666666666,10246.925,2027.5233333333333,557.4833333333333,18.298582151793163,3.928273561301084,15.317764804003335,2.6013344453711427,33.28023352793995,709.5907099035934,4966.929886064855,75.0,Seine-et-Marne,48.626666666666665,2.9333333333333336
78,11.0,11.781349693251526,353.94148115687983,0.48607817494914246,1.018055555555556,471.8691666666667,45.8075,9275.290833333333,1792.0666666666666,557.4833333333333,16.956630525437866,2.0783986655546287,13.716430358632193,2.28023352793995,33.28023352793995,733.88606485539,5137.436459246275,78.7,Yvelines,48.815,1.8416666666666668
79,75.0,13.449570552147227,325.27,0.27523462783171404,1.048111111111111,57.89333333333333,5.0325,1611.5925,269.78583333333336,113.395,3.4395329441201,0.24103419516263552,2.8615512927439535,0.37531276063386154,7.3577981651376145,173.3786152497809,1213.515337423313,83.2,Deux-Sèvres,46.55555555555555,0.3172222222222222
80,32.0,12.732813321647678,334.1803242769502,0.4237252663622527,1.030555555555556,178.96583333333334,18.298333333333332,3283.7541666666666,847.23,185.585,5.969974979149291,0.9124270225187656,4.849040867389491,1.0291909924937448,13.162635529608007,271.60210341805436,1901.1542506573182,81.9,Somme,49.95805555555556,2.2777777777777777
81,76.0,14.012734443470636,358.21603856266444,0.3083298171589304,1.0433333333333328,64.69583333333334,8.593333333333334,1848.6733333333334,389.3233333333333,146.15,3.9416180150125104,0.7122602168473728,3.2652210175145955,0.5587989991659716,11.15929941618015,199.20595968448728,1394.2322524101664,78.8,Tarn,43.78527777777778,2.166111111111111
82,76.0,13.747037686240123,360.80923751095503,0.3083298171589304,1.0433333333333328,42.1125,6.83,1278.7025,236.465,146.15,2.8148457047539615,0.4553794829024187,2.3577981651376145,0.35696413678065053,11.15929941618015,135.58019281332164,949.0026292725679,77.0,Tarn-et-Garonne,44.08583333333333,1.2819444444444443
83,93.0,11.165144609991245,381.7785451358457,0.42713586956521765,1.0317222222222213,258.3625,27.458333333333332,7980.218333333333,1622.1091666666666,196.47416666666666,16.37281067556297,2.029190992493745,13.609674728940783,2.427022518765638,13.434528773978315,588.5092024539878,4119.363716038562,78.0,Var,43.46055555555556,6.218055555555556
84,93.0,12.292708150744966,371.2616038562671,0.42713586956521765,1.0317222222222213,167.12166666666667,9.151666666666667,5305.6075,956.2716666666666,196.47416666666666,11.29858215179316,0.7664720600500416,9.293577981651376,1.4170141784820685,13.434528773978315,297.79666958808065,2084.458369851008,76.6,Vaucluse,43.99388888888889,5.186111111111112
85,52.0,14.238255915863267,329.41139351446105,0.27546961325966907,1.0356111111111113,52.01916666666666,6.534166666666667,2129.6366666666668,326.935,49.858333333333334,4.130942452043369,0.6255212677231026,3.5946622185154293,0.4945788156797331,4.4495412844036695,323.2839614373357,2262.964066608238,85.4,Vendée,46.67472222222222,1.2977777777777777
86,75.0,13.35928133216478,323.0151533742326,0.27523462783171404,1.048111111111111,62.99583333333333,5.545,1986.2233333333334,302.44916666666666,113.395,4.579649708090075,0.5654712260216848,3.9916597164303584,0.4870725604670559,7.3577981651376145,202.16301489921122,1415.1446099912357,79.6,Vienne,46.56388888888888,0.4602777777777778
87,75.0,14.67150744960562,340.78805433829973,0.27523462783171404,1.048111111111111,48.770833333333336,5.6975,1375.1375,317.4766666666667,113.395,3.018348623853211,0.28940783986655544,2.238532110091743,0.44203502919099247,7.3577981651376145,180.38387379491675,1262.675723049956,82.0,Haute-Vienne,45.891666666666666,1.235277777777778
88,44.0,12.110631025416293,332.7612269938657,0.35880645161290287,1.0321666666666662,105.16583333333334,6.9,3556.036666666667,815.5358333333334,166.80666666666667,7.229357798165138,0.737281067556297,6.167639699749792,1.0258548790658883,11.499582985821517,170.74145486415426,1195.1358457493427,81.3,Vosges,48.196666666666665,6.380555555555556
89,27.0,12.353645924627516,311.0468010517095,0.3776430976430962,1.0378333333333338,118.36833333333334,7.979166666666667,2828.9283333333333,600.2258333333333,74.75166666666667,5.897414512093412,0.5020850708924104,4.899916597164304,0.8673894912427023,5.637197664720601,147.3672217353199,1031.4373356704646,80.1,Yonne,47.83972222222222,3.5644444444444443
90,27.0,11.999640666082378,341.20167397020225,0.3776430976430962,1.0378333333333338,65.33166666666666,7.2975,2661.2375,626.7741666666667,74.75166666666667,5.39115929941618,0.5371142618849041,4.5421184320266885,0.8448707256046706,5.637197664720601,68.03943908851885,476.22173531989483,76.3,Territoire de Belfort,47.63166666666667,6.928611111111112
91,11.0,11.54670464504821,344.3669412795792,0.48607817494914246,1.018055555555556,409.0,51.48083333333334,10558.676666666666,1833.2825,557.4833333333333,18.563803169307757,2.9316096747289406,15.6371976647206,2.3452877397831524,33.28023352793995,648.7142857142857,4540.943908851884,75.2,Essonne,48.52222222222222,2.243055555555556
92,11.0,9.850157756354076,367.032182296231,0.48607817494914246,1.018055555555556,757.3475,91.66916666666667,15587.086666666666,2618.2125,557.4833333333333,25.75062552126772,5.002502085070892,21.60633861551293,3.1184320266889074,33.28023352793995,848.9596844872918,5942.709903593339,77.9,Hauts-de-Seine,48.84722222222222,2.2458333333333336
93,11.0,9.397905346187573,310.8908851884304,0.48607817494914246,1.018055555555556,760.2975,68.48833333333333,13719.05,2352.9766666666665,557.4833333333333,22.454545454545453,3.7656380316930775,18.12510425354462,2.7347789824854045,33.28023352793995,742.2489044697634,5196.150744960561,67.0,Seine-Saint-Denis,48.9175,2.478055555555556
94,11.0,10.384031551270812,356.4143645924625,0.48607817494914246,1.018055555555556,608.7775,60.3675,14925.685833333333,2884.5775,557.4833333333333,25.79482902418682,4.444537114261885,21.282735613010843,3.5029190992493744,33.28023352793995,718.4820333041192,5029.174408413673,73.5,Val-de-Marne,48.7775,2.468888888888889
95,11.0,11.201428571428574,351.34336546888755,0.48607817494914246,1.018055555555556,372.595,28.0425,10003.898333333333,1962.465,557.4833333333333,16.954128440366972,1.79232693911593,14.226855713094245,2.407005838198499,33.28023352793995,628.8527607361963,4402.348816827344,72.5,Val-d'Oise,49.08277777777778,2.131111111111111
